episode_id,task_instruction,failure_type,explanation,confidence,failure_start_timestep,failure_end_timestep,stored_start_timestep,stored_end_timestep
1,put the green cube in the sink,"Position deviation, misalignment during the reach for the cube. The robot arm's ","Position deviation, misalignment during the reach for the cube. The robot arm did not properly align itself over the green cube, leading to an unsuccessful grasp attempt. This misalignment indicates that the end-effector was not accurately positioned, resulting in a failure to securely grasp the cube. The position deviation in the X and Y axes indicates that the end-effector was slightly behind (X",0.012578,0,0,0,2
2,put the green cube in the sink,"Position deviation, misalignment during the reach for the cube. The robot arm's ","Position deviation, misalignment during the reach for the cube. The robot arm did not properly align itself over the green cube, leading to an unsuccessful grasp attempt. This misalignment indicates that the end-effector was not accurately positioned, resulting in a failure to securely grasp the cube. The position deviation in the X and Y axes indicates that the end-effector was slightly behind (X",0.012562,0,0,0,2
3,put the green cube in the sink,"Position deviation, misalignment during the reach for the cube. The robot arm's ","Position deviation, misalignment during the reach for the cube. The robot arm did not properly align itself over the green cube, leading to an unsuccessful grasp attempt. This misalignment indicates that the end-effector was not accurately positioned, resulting in a failure to securely grasp the cube. The position deviation in the X and Y axes indicates that the end-effector was slightly behind (X",0.012578,0,0,0,2
4,put the green cube in the sink,"Position deviation, misalignment during the reach for the cube. The robot arm's ","Position deviation, misalignment during the reach for the cube. The robot arm did not properly align itself over the green cube, leading to an unsuccessful grasp attempt. This misalignment indicates that the end-effector was not accurately positioned, resulting in a failure to securely grasp the cube. The position deviation in the X and Y axes indicates that the end-effector was slightly behind (X",0.012562,0,0,0,2
5,put the green cube in the sink,"Position deviation, misalignment during the reach for the green cube. The robot,","Position deviation, misalignment during the reach for the green cube. The robot arm did not properly align itself over the green cube, leading to an unsuccessful grasp attempt. This misalignment indicates that the end-effector was not accurately positioned, resulting in a failure to securely grasp the cube. The position deviation in the X and Y axes indicates that the end-effector was slightly off",0.0,0,0,0,2
6,put the green cube in the sink,"Position deviation, misalignment during the reach for the green cube. The robot,","Position deviation, misalignment during the reach for the green cube. The robot arm did not properly align itself over the green cube, leading to an unsuccessful grasp attempt. This misalignment indicates that the end-effector was not accurately positioned, resulting in a failure to securely grasp the cube and continue with the subsequent steps of placing it in the safe. The position deviation in ",0.012578,0,0,0,2
7,put the green cube in the sink,"Position deviation, misalignment during the reach for the cube. The robot arm's ","Position deviation, misalignment during the reach for the cube. The robot arm did not properly align itself over the green cube, leading to an unsuccessful grasp attempt. This misalignment indicates that the end-effector was not accurately positioned, resulting in a failure to securely grasp the cube. The position deviation in the X and Y axes indicates that the end-effector was slightly behind (X",0.012578,0,0,0,2
8,put the green cube in the sink,"Position deviation, misalignment during the reach for the cube. The robot arm's ","Position deviation, misalignment during the reach for the cube. The robot arm did not properly align itself over the green cube, leading to an unsuccessful grasp attempt. This misalignment indicates that the end-effector was not accurately positioned, resulting in a failure to securely grasp the cube. The position deviation in the X and Y axes indicates that the end-effector was slightly behind (X",0.012562,0,0,0,2
9,put the green cube in the sink,"Position deviation, misalignment during the reach for the green cube. The robot,","Position deviation, misalignment during the reach for the green cube. The robot arm did not properly align itself over the green cube, leading to an unsuccessful grasp attempt. This misalignment indicates that the end-effector was not accurately positioned, resulting in a failure to securely grasp the cube and continue with the subsequent steps of placing it in the box. The position deviation in X",0.012562,0,0,0,2
10,put the green cube in the sink,"Position deviation, misalignment during the reach for the green cube. The robot,","Position deviation, misalignment during the reach for the green cube. The robot arm did not properly align itself over the green cube, leading to an unsuccessful grasp attempt. This misalignment indicates that the end-effector was not accurately positioned, resulting in a failure to securely grasp the cube. The position deviation in the X and Y axes indicates that the end-effector was slightly off",0.0,0,0,0,2
11,put the carrot in the sink,"Position deviation, misalignment during the reach for the orange. The robot arm,","Position deviation, misalignment during the reach for the orange. The robot arm did not properly align itself over the orange, leading to an unsuccessful grasp attempt. This misalignment indicates that the end-effector was not accurately positioned, resulting in a position deviation that prevented the robot from successfully completing the task. The robot's inability to reach the correct position,",0.012345,0,0,0,2
12,put the carrot in the sink,"Position deviation, misalignment during the reach for the orange. The robot arm,","Position deviation, misalignment during the reach for the orange. The robot arm did not properly align itself over the orange, leading to an unsuccessful grasp attempt. This misalignment indicates that the end-effector was not accurately positioned, which is crucial for successful manipulation tasks. As a result, the robot could not grasp the orange effectively, preventing it from completing the '",0.012345,0,0,0,2
13,put the carrot in the sink,"Position deviation, misalignment during the reach for the cup. The robot arm did","Position deviation, misalignment during the reach for the cup. The robot arm did not properly align itself over the cup, leading to an unsuccessful grasp attempt. This misalignment indicates that the end-effector was not accurately positioned, which is crucial for successful manipulation tasks. As a result, the robot could not grasp the cup securely, preventing it from completing the subsequent 'L",0.012345,0,0,0,2
14,put the carrot in the sink,"Position deviation, misalignment during the reach for the cup. The robot arm did","Position deviation, misalignment during the reach for the cup. The robot arm did not properly align itself over the cup, leading to an unsuccessful grasp attempt. This misalignment indicates that the end-effector was not accurately positioned, which is crucial for successful manipulation tasks. As a result, the robot could not grasp the cup securely, preventing it from completing the subsequent 'L",0.012345,0,0,0,2
15,put the carrot in the sink,"Position deviation, misalignment during the reach for the cup stage. The robot's","Position deviation, misalignment during the reach for the cup stage. The robot arm did not properly align itself over the cup, leading to an unsuccessful grasp attempt. This misalignment indicates that the end-effector was not accurately positioned, which is crucial for successful manipulation tasks. As a result, the robot could not securely grasp the cup, preventing it from completing the task of",0.0,0,0,0,2
16,put the carrot in the sink,"Position deviation, misalignment during the reach for the cup. The robot arm did","Position deviation, misalignment during the reach for the cup. The robot arm did not properly align itself over the cup, leading to an unsuccessful grasp attempt. This misalignment indicates that the end-effector was not accurately positioned, which is crucial for successful manipulation tasks. As a result, the robot could not grasp the cup securely, preventing it from completing the subsequent 'L",0.012345,0,0,0,2
19,stack the yellow cube on the green cube,"Position deviation, grasp failure, alignment error, grasping error, misalignment","Position deviation, grasp failure, alignment error, grasping error, misalignment, The robot arm's gripper did not reach the correct position to successfully grasp the green cube. This resulted in an inability for the robot to lift and move the cube to the target position, leading to a failure in completing the task. The position deviation indicates that the end-effector was slightly off in both X-",0.012345,0,0,0,2
22,stack the yellow cube on the green cube,"Position deviation, grasp failure, misalignment, insufficient grasping force, or","Position deviation, grasp failure, misalignment, insufficient grasping force, or position deviation during the grasping stage. The robot arm's gripper did not properly align with the center of the green cube, leading to an unsuccessful grasp. This misalignment indicates that the end-effector was not accurately positioned over the target object, which is crucial for successful manipulation. As a re",0.0,0,0,0,2
28,put the spoon on the plate,"Position deviation, misalignment during the grasping stage. The robot arm didnot","Position deviation, misalignment during the grasping stage. The robot arm did not reach the correct position to successfully grasp the knife, leading to an inability to complete the subsequent steps of lifting and moving the knife to the plate. This misalignment indicates that the end-effector was not properly oriented towards the knife, resulting in a failure to execute the grasp effectively. The",0.0,0,0,0,2
32,put the spoon on the plate,"Position deviation, misalignment during the grasping stage. The robot arm was in","Position deviation, misalignment during the grasping stage. The robot arm was unable to accurately position itself over the knife, leading to an unsuccessful grasp attempt. This misalignment indicates that the end-effector was not properly oriented towards the knife, resulting in a failure to grasp it securely. The position deviation in the X and Y axes indicates that the end-effector was slightly",0.0,0,0,0,2
34,put the spoon on the plate,"Position deviation, grasping error, alignment error, or orientation deviation.Gr","Position deviation, grasping error, alignment error, or orientation deviation.Gr, the robot arm was unable to grasp the knife due to an incorrect positioning of the end-effector relative to the knife. The end-effector was misaligned and did not reach the optimal position necessary for a successful grasp, leading to a failure in completing the task. This misalignment indicates that the robot's path",0.012345,0,0,0,2
